#Data Set Export - SW.Daily@2F10P,,
"GRADEDESCRIPTIONS-3=GAP, -2=UNUSABLE, -1=UNSPECIFIED, 0=UNDEF, 11=POOR, 21=ESTIMATED, 25=BEST PRACTICE, 31=GOOD, 41=VERYGOOD, 51=EXCELLENT, APPROVALDESCRIPTIONS 800=WORKING, 900=IN REVIEW, 1200=APPROVED",,
Timestamp (UTC),Event Timestamp (UTC),Value (mm)
2015-08-14 16:00:00,,1
2015-08-15 16:00:00,,1
2015-08-16 16:00:00,,1
2015-08-17 16:00:00,,1
2015-08-18 16:00:00,,1
2015-08-19 16:00:00,,1
2015-08-20 16:00:00,,1
2015-08-21 16:00:00,,1
2015-08-22 16:00:00,,0
2015-08-23 16:00:00,,1
2015-08-24 16:00:00,,1
2015-08-25 16:00:00,,1
2015-08-26 16:00:00,,1
2015-08-27 16:00:00,,1
2015-08-28 16:00:00,,1
2015-08-29 16:00:00,,1
2015-08-30 16:00:00,,1
2015-08-31 16:00:00,,1
2015-09-01 16:00:00,,1
2015-09-02 16:00:00,,0
2015-09-03 16:00:00,,6
2015-09-04 16:00:00,,4
2015-09-05 16:00:00,,0
2015-09-06 16:00:00,,0
2015-09-07 16:00:00,,0
2015-09-08 16:00:00,,0
2015-09-09 16:00:00,,1
2015-09-10 16:00:00,,1
2015-09-11 16:00:00,,0
2015-09-12 16:00:00,,1
2015-09-13 16:00:00,,0
2015-09-14 16:00:00,,0
2015-09-15 16:00:00,,0
2015-09-16 16:00:00,,0
2015-09-17 16:00:00,,0
2015-09-18 16:00:00,,0
2015-09-19 16:00:00,,1
2015-09-20 16:00:00,,0
2015-09-21 16:00:00,,0
2015-09-22 16:00:00,,0
2015-09-23 16:00:00,,0
2015-09-24 16:00:00,,0
2015-09-25 16:00:00,,0
2015-09-26 16:00:00,,0
2015-09-27 16:00:00,,0
2015-09-28 16:00:00,,0
2015-09-29 16:00:00,,0
2015-09-29 16:00:01,,NaN
2015-10-05 15:59:59,,NaN
2015-10-05 16:00:00,,0
2015-10-05 16:00:01,,NaN
2015-10-10 15:59:59,,NaN
2015-10-10 16:00:00,,0
2015-10-11 16:00:00,,1
2015-10-12 16:00:00,,1
2015-10-13 16:00:00,,0
2015-10-14 16:00:00,,0
2015-10-15 16:00:00,,0
2015-10-16 16:00:00,,0
2015-10-17 16:00:00,,0
2015-10-18 16:00:00,,0
2015-10-19 16:00:00,,0
2015-10-20 16:00:00,,0
2015-10-21 16:00:00,,0
2015-10-22 16:00:00,,0
2015-10-22 16:00:01,,NaN
2015-10-26 15:59:59,,NaN
2015-10-26 16:00:00,,0
2015-10-27 16:00:00,,5
2015-10-28 16:00:00,,3
2015-10-29 16:00:00,,8
2015-10-30 16:00:00,,16
2015-10-31 16:00:00,,26
2015-11-01 16:00:00,,33
2015-11-02 16:00:00,,43
2015-11-03 16:00:00,,46
2015-11-04 16:00:00,,48
2015-11-05 16:00:00,,49
2015-11-06 16:00:00,,50
2015-11-07 16:00:00,,53
2015-11-08 16:00:00,,67
2015-11-09 16:00:00,,70
2015-11-10 16:00:00,,72
2015-11-11 16:00:00,,77
2015-11-12 16:00:00,,81
2015-11-13 16:00:00,,87
2015-11-14 16:00:00,,95
2015-11-15 16:00:00,,103
2015-11-16 16:00:00,,119
2015-11-17 16:00:00,,129
2015-11-18 16:00:00,,153
2015-11-19 16:00:00,,156
2015-11-20 16:00:00,,157
2015-11-21 16:00:00,,159
2015-11-22 16:00:00,,160
2015-11-23 16:00:00,,163
2015-11-24 16:00:00,,171
2015-11-25 16:00:00,,172
2015-11-26 16:00:00,,174
2015-11-27 16:00:00,,174
2015-11-28 16:00:00,,175
2015-11-29 16:00:00,,176
2015-11-30 16:00:00,,176
2015-12-01 16:00:00,,176
2015-12-02 16:00:00,,180
2015-12-03 16:00:00,,182
2015-12-04 16:00:00,,187
2015-12-05 16:00:00,,189
2015-12-06 16:00:00,,215
2015-12-07 16:00:00,,224
2015-12-08 16:00:00,,232
2015-12-09 16:00:00,,247
2015-12-10 16:00:00,,250
2015-12-11 16:00:00,,255
2015-12-12 16:00:00,,256
2015-12-13 16:00:00,,264
2015-12-14 16:00:00,,274
2015-12-15 16:00:00,,275
2015-12-16 16:00:00,,280
2015-12-17 16:00:00,,281
2015-12-18 16:00:00,,292
2015-12-19 16:00:00,,296
2015-12-20 16:00:00,,298
2015-12-21 16:00:00,,302
2015-12-22 16:00:00,,305
2015-12-23 16:00:00,,308
2015-12-24 16:00:00,,312
2015-12-25 16:00:00,,315
2015-12-26 16:00:00,,316
2015-12-27 16:00:00,,330
2015-12-28 16:00:00,,340
2015-12-29 16:00:00,,342
2015-12-30 16:00:00,,343
2015-12-31 16:00:00,,344
2016-01-01 16:00:00,,344
2016-01-02 16:00:00,,345
2016-01-03 16:00:00,,345
2016-01-04 16:00:00,,349
2016-01-05 16:00:00,,363
2016-01-06 16:00:00,,367
2016-01-07 16:00:00,,372
2016-01-08 16:00:00,,373
2016-01-09 16:00:00,,374
2016-01-10 16:00:00,,374
2016-01-11 16:00:00,,375
2016-01-12 16:00:00,,379
2016-01-13 16:00:00,,387
2016-01-14 16:00:00,,397
2016-01-15 16:00:00,,401
2016-01-16 16:00:00,,403
2016-01-17 16:00:00,,416
2016-01-18 16:00:00,,422
2016-01-19 16:00:00,,426
2016-01-20 16:00:00,,429
2016-01-21 16:00:00,,439
2016-01-22 16:00:00,,448
2016-01-23 16:00:00,,454
2016-01-24 16:00:00,,459
2016-01-25 16:00:00,,460
2016-01-26 16:00:00,,461
2016-01-27 16:00:00,,464
2016-01-28 16:00:00,,466
2016-01-29 16:00:00,,468
2016-01-30 16:00:00,,476
2016-01-31 16:00:00,,481
2016-02-01 16:00:00,,483
2016-02-02 16:00:00,,485
2016-02-03 16:00:00,,486
2016-02-04 16:00:00,,495
2016-02-05 16:00:00,,498
2016-02-06 16:00:00,,501
2016-02-07 16:00:00,,503
2016-02-08 16:00:00,,505
2016-02-09 16:00:00,,505
2016-02-10 16:00:00,,506
2016-02-11 16:00:00,,507
2016-02-12 16:00:00,,517
2016-02-13 16:00:00,,522
2016-02-14 16:00:00,,527
2016-02-15 16:00:00,,533
2016-02-16 16:00:00,,542
2016-02-17 16:00:00,,545
2016-02-18 16:00:00,,553
2016-02-19 16:00:00,,568
2016-02-20 16:00:00,,575
2016-02-21 16:00:00,,579
2016-02-22 16:00:00,,585
2016-02-23 16:00:00,,589
2016-02-24 16:00:00,,591
2016-02-25 16:00:00,,594
2016-02-26 16:00:00,,596
2016-02-27 16:00:00,,600
2016-02-28 16:00:00,,604.3809523808969
2016-02-29 16:00:00,,617
2016-03-01 16:00:00,,622
2016-03-02 16:00:00,,639
2016-03-03 16:00:00,,647
2016-03-04 16:00:00,,651
2016-03-05 16:00:00,,654
2016-03-06 16:00:00,,661
2016-03-07 16:00:00,,667
2016-03-08 16:00:00,,673
2016-03-09 16:00:00,,676.1428571428501
2016-03-09 16:00:01,,NaN
2016-04-09 15:59:59,,NaN
2016-04-09 16:00:00,,800.4736842105094
2016-04-10 16:00:00,,799.2000000000053
2016-04-11 16:00:00,,799
2016-04-12 16:00:00,,799
2016-04-13 16:00:00,,800
2016-04-14 16:00:00,,798
2016-04-15 16:00:00,,793
2016-04-16 16:00:00,,786
2016-04-17 16:00:00,,778
2016-04-18 16:00:00,,770
2016-04-19 16:00:00,,764
2016-04-20 16:00:00,,760
2016-04-21 16:00:00,,755
2016-04-22 16:00:00,,756
2016-04-23 16:00:00,,757
2016-04-24 16:00:00,,753
2016-04-25 16:00:00,,768
2016-04-26 16:00:00,,789
2016-04-27 16:00:00,,799
2016-04-28 16:00:00,,798
2016-04-29 16:00:00,,794
2016-04-30 16:00:00,,791
2016-05-01 16:00:00,,782
2016-05-02 16:00:00,,772
2016-05-03 16:00:00,,767
2016-05-03 16:00:01,,NaN
2016-08-18 15:59:59,,NaN
2016-08-18 16:00:00,,1
2016-08-19 16:00:00,,1
2016-08-20 16:00:00,,1
2016-08-21 16:00:00,,1
2016-08-22 16:00:00,,1
2016-08-23 16:00:00,,1
2016-08-24 16:00:00,,1
2016-08-25 16:00:00,,1
2016-08-26 16:00:00,,1
2016-08-27 16:00:00,,1
2016-08-28 16:00:00,,1
2016-08-29 16:00:00,,1
2016-08-30 16:00:00,,1
2016-08-31 16:00:00,,1
2016-09-01 16:00:00,,1
2016-09-02 16:00:00,,1
2016-09-03 16:00:00,,1
2016-09-04 16:00:00,,1
2016-09-05 16:00:00,,1
2016-09-06 16:00:00,,1
2016-09-07 16:00:00,,1
2016-09-08 16:00:00,,1
2016-09-09 16:00:00,,5
2016-09-10 16:00:00,,1
2016-09-11 16:00:00,,1
2016-09-12 16:00:00,,1
2016-09-13 16:00:00,,1
2016-09-14 16:00:00,,1
2016-09-15 16:00:00,,1
2016-09-16 16:00:00,,1
2016-09-17 16:00:00,,1
2016-09-18 16:00:00,,1
2016-09-19 16:00:00,,2
2016-09-20 16:00:00,,6
2016-09-21 16:00:00,,2
2016-09-22 16:00:00,,2
2016-09-23 16:00:00,,1
2016-09-24 16:00:00,,2
2016-09-25 16:00:00,,1
2016-09-26 16:00:00,,1
2016-09-27 16:00:00,,1
2016-09-28 16:00:00,,1
2016-09-29 16:00:00,,1
2016-09-30 16:00:00,,1
2016-10-01 16:00:00,,1
2016-10-02 16:00:00,,1
2016-10-03 16:00:00,,1
2016-10-04 16:00:00,,1
2016-10-05 16:00:00,,0
2016-10-06 16:00:00,,2
2016-10-07 16:00:00,,8
2016-10-08 16:00:00,,7
2016-10-09 16:00:00,,20
2016-10-10 16:00:00,,17
2016-10-11 16:00:00,,19
2016-10-12 16:00:00,,17
2016-10-13 16:00:00,,25
2016-10-14 16:00:00,,42
2016-10-15 16:00:00,,45
2016-10-16 16:00:00,,47
2016-10-17 16:00:00,,51
2016-10-18 16:00:00,,58
2016-10-19 16:00:00,,59
2016-10-20 16:00:00,,77
2016-10-21 16:00:00,,79
2016-10-22 16:00:00,,79
2016-10-23 16:00:00,,80
2016-10-24 16:00:00,,81
2016-10-25 16:00:00,,93
2016-10-26 16:00:00,,93
2016-10-27 16:00:00,,103
2016-10-28 16:00:00,,101
2016-10-29 16:00:00,,99
2016-10-30 16:00:00,,97
2016-10-31 16:00:00,,98
2016-11-01 16:00:00,,115
2016-11-02 16:00:00,,126
2016-11-03 16:00:00,,132
2016-11-04 16:00:00,,132
2016-11-05 16:00:00,,130
2016-11-06 16:00:00,,134
2016-11-07 16:00:00,,130
2016-11-08 16:00:00,,130
2016-11-09 16:00:00,,128
2016-11-10 16:00:00,,128
2016-11-11 16:00:00,,126
2016-11-12 16:00:00,,127
2016-11-13 16:00:00,,126
2016-11-14 16:00:00,,132
2016-11-15 16:00:00,,132
2016-11-16 16:00:00,,134
2016-11-17 16:00:00,,128
2016-11-18 16:00:00,,127
2016-11-19 16:00:00,,131
2016-11-20 16:00:00,,144
2016-11-21 16:00:00,,157
2016-11-22 16:00:00,,156
2016-11-23 16:00:00,,160
2016-11-24 16:00:00,,165
2016-11-25 16:00:00,,173
2016-11-26 16:00:00,,185
2016-11-27 16:00:00,,196
2016-11-28 16:00:00,,202
2016-11-29 16:00:00,,204
2016-11-30 16:00:00,,205
2016-12-01 16:00:00,,211
2016-12-02 16:00:00,,212
2016-12-03 16:00:00,,221
2016-12-04 16:00:00,,233
2016-12-05 16:00:00,,239
2016-12-06 16:00:00,,240
2016-12-07 16:00:00,,240
2016-12-08 16:00:00,,240
2016-12-09 16:00:00,,241
2016-12-10 16:00:00,,245
2016-12-11 16:00:00,,249
2016-12-12 16:00:00,,253
2016-12-13 16:00:00,,254
2016-12-14 16:00:00,,254
2016-12-15 16:00:00,,255
2016-12-16 16:00:00,,255
2016-12-17 16:00:00,,256
2016-12-18 16:00:00,,257
2016-12-19 16:00:00,,261
2016-12-20 16:00:00,,268
2016-12-21 16:00:00,,275
2016-12-22 16:00:00,,275
2016-12-23 16:00:00,,279
2016-12-24 16:00:00,,287
2016-12-25 16:00:00,,288
2016-12-26 16:00:00,,288
2016-12-27 16:00:00,,299
2016-12-28 16:00:00,,302
2016-12-29 16:00:00,,306
2016-12-30 16:00:00,,310
2016-12-31 16:00:00,,311
2017-01-01 16:00:00,,314
2017-01-02 16:00:00,,314
2017-01-03 16:00:00,,315
2017-01-04 16:00:00,,315
2017-01-05 16:00:00,,316
2017-01-06 16:00:00,,317
2017-01-07 16:00:00,,317
2017-01-08 16:00:00,,317
2017-01-09 16:00:00,,331
2017-01-10 16:00:00,,333
2017-01-11 16:00:00,,333
2017-01-12 16:00:00,,333
2017-01-13 16:00:00,,333
2017-01-14 16:00:00,,333
2017-01-15 16:00:00,,333
2017-01-16 16:00:00,,333
2017-01-17 16:00:00,,334
2017-01-18 16:00:00,,339
2017-01-19 16:00:00,,346
2017-01-20 16:00:00,,349
2017-01-21 16:00:00,,349
2017-01-22 16:00:00,,353
2017-01-23 16:00:00,,354
2017-01-24 16:00:00,,356
2017-01-25 16:00:00,,357
2017-01-26 16:00:00,,357
2017-01-27 16:00:00,,357
2017-01-28 16:00:00,,357
2017-01-29 16:00:00,,358
2017-01-30 16:00:00,,358
2017-01-31 16:00:00,,358
2017-02-01 16:00:00,,359
2017-02-02 16:00:00,,359
2017-02-03 16:00:00,,360
2017-02-04 16:00:00,,371
2017-02-05 16:00:00,,377
2017-02-06 16:00:00,,382
2017-02-07 16:00:00,,383
2017-02-08 16:00:00,,383
2017-02-09 16:00:00,,392
2017-02-10 16:00:00,,397
2017-02-11 16:00:00,,406
2017-02-12 16:00:00,,407
2017-02-13 16:00:00,,407
2017-02-14 16:00:00,,408
2017-02-15 16:00:00,,408
2017-02-16 16:00:00,,417
2017-02-17 16:00:00,,418
2017-02-18 16:00:00,,418
2017-02-19 16:00:00,,426
2017-02-20 16:00:00,,430
2017-02-21 16:00:00,,431
2017-02-22 16:00:00,,432
2017-02-23 16:00:00,,433
2017-02-24 16:00:00,,434
2017-02-25 16:00:00,,434
2017-02-26 16:00:00,,440
2017-02-27 16:00:00,,442
2017-02-28 16:00:00,,443
2017-03-01 16:00:00,,445
2017-03-02 16:00:00,,456
2017-03-03 16:00:00,,461
2017-03-04 16:00:00,,470
2017-03-05 16:00:00,,472
2017-03-06 16:00:00,,479
2017-03-07 16:00:00,,480
2017-03-08 16:00:00,,488
2017-03-09 16:00:00,,490
2017-03-10 16:00:00,,502
2017-03-11 16:00:00,,506
2017-03-12 16:00:00,,514
2017-03-13 16:00:00,,530
2017-03-14 16:00:00,,538
2017-03-15 16:00:00,,545
2017-03-16 16:00:00,,561
2017-03-17 16:00:00,,564
2017-03-18 16:00:00,,570
2017-03-19 16:00:00,,575
2017-03-20 16:00:00,,576
2017-03-21 16:00:00,,577
2017-03-22 16:00:00,,584
2017-03-23 16:00:00,,585
2017-03-24 16:00:00,,588
2017-03-25 16:00:00,,596
2017-03-26 16:00:00,,597
2017-03-27 16:00:00,,604
2017-03-28 16:00:00,,611
2017-03-29 16:00:00,,623
2017-03-30 16:00:00,,638
2017-03-31 16:00:00,,642
2017-04-01 16:00:00,,651
2017-04-02 16:00:00,,662
2017-04-03 16:00:00,,666
2017-04-04 16:00:00,,667
2017-04-05 16:00:00,,671
2017-04-06 16:00:00,,677
2017-04-07 16:00:00,,687
2017-04-08 16:00:00,,696
2017-04-09 16:00:00,,699
2017-04-10 16:00:00,,703
2017-04-11 16:00:00,,708
2017-04-12 16:00:00,,710
2017-04-13 16:00:00,,724
2017-04-14 16:00:00,,730
2017-04-15 16:00:00,,735
2017-04-16 16:00:00,,737
2017-04-17 16:00:00,,739
2017-04-18 16:00:00,,747
2017-04-19 16:00:00,,750
2017-04-20 16:00:00,,754
2017-04-21 16:00:00,,764
2017-04-22 16:00:00,,766
2017-04-23 16:00:00,,770
2017-04-24 16:00:00,,770
2017-04-25 16:00:00,,773
2017-04-26 16:00:00,,779
2017-04-27 16:00:00,,792
2017-04-28 16:00:00,,798
2017-04-29 16:00:00,,800
2017-04-30 16:00:00,,807
2017-05-01 16:00:00,,809
2017-05-02 16:00:00,,811
2017-05-02 16:00:01,,NaN
2017-06-01 15:59:59,,NaN
2017-06-01 16:00:00,,937
2017-06-02 16:00:00,,1003
2017-06-03 16:00:00,,986
2017-06-04 16:00:00,,939
2017-06-05 16:00:00,,895
2017-06-06 16:00:00,,832
2017-06-07 16:00:00,,763
2017-06-08 16:00:00,,702
2017-06-09 16:00:00,,683
2017-06-10 16:00:00,,638
2017-06-11 16:00:00,,601
2017-06-12 16:00:00,,588
2017-06-13 16:00:00,,553
2017-06-14 16:00:00,,525
2017-06-15 16:00:00,,493
2017-06-16 16:00:00,,456
2017-06-17 16:00:00,,424
2017-06-18 16:00:00,,380
2017-06-19 16:00:00,,344
2017-06-20 16:00:00,,310
2017-06-21 16:00:00,,281
2017-06-22 16:00:00,,261
2017-06-23 16:00:00,,259
2017-06-24 16:00:00,,251
2017-06-25 16:00:00,,222
2017-06-26 16:00:00,,201
2017-06-27 16:00:00,,178
2017-06-28 16:00:00,,170
2017-06-29 16:00:00,,184
2017-06-30 16:00:00,,175
2017-07-01 16:00:00,,168
2017-07-02 16:00:00,,163
2017-07-03 16:00:00,,170
2017-07-04 16:00:00,,154
2017-07-05 16:00:00,,121
2017-07-06 16:00:00,,79
2017-07-07 16:00:00,,25
2017-07-08 16:00:00,,9
2017-07-09 16:00:00,,9
2017-07-10 16:00:00,,9
2017-07-11 16:00:00,,9
2017-07-12 16:00:00,,9.166666666656965
2017-07-13 16:00:00,,9
2017-07-14 16:00:00,,9
2017-07-15 16:00:00,,10
2017-07-16 16:00:00,,10
2017-07-17 16:00:00,,10
2017-07-18 16:00:00,,10
2017-07-19 16:00:00,,10
2017-07-20 16:00:00,,10
2017-07-21 16:00:00,,11
2017-07-22 16:00:00,,11
2017-07-23 16:00:00,,11
2017-07-24 16:00:00,,11
2017-07-25 16:00:00,,11
2017-07-26 16:00:00,,11
2017-07-27 16:00:00,,11
2017-07-28 16:00:00,,11
2017-07-29 16:00:00,,11
2017-07-30 16:00:00,,11
2017-07-31 16:00:00,,12
2017-08-01 16:00:00,,12
2017-08-02 16:00:00,,12
2017-08-03 16:00:00,,12
2017-08-04 16:00:00,,12
2017-08-05 16:00:00,,12
2017-08-06 16:00:00,,12
2017-08-07 16:00:00,,12
2017-08-08 16:00:00,,12
2017-08-09 16:00:00,,13
2017-08-10 16:00:00,,13
2017-08-11 16:00:00,,13
2017-08-12 16:00:00,,13
2017-08-13 16:00:00,,13
2017-08-14 16:00:00,,13
2017-08-15 16:00:00,,13
2017-08-16 16:00:00,,13
2017-08-17 16:00:00,,13
2017-08-18 16:00:00,,13
2017-08-19 16:00:00,,13
2017-08-20 16:00:00,,13
2017-08-21 16:00:00,,13
2017-08-22 16:00:00,,13
2017-08-23 16:00:00,,13
2017-08-24 16:00:00,,13
2017-08-25 16:00:00,,13
2017-08-26 16:00:00,,13
2017-08-27 16:00:00,,13
2017-08-28 16:00:00,,13
2017-08-29 16:00:00,,13
2017-08-30 16:00:00,,13
2017-08-31 16:00:00,,14
2017-09-01 16:00:00,,0
2017-09-02 16:00:00,,0
2017-09-03 16:00:00,,0
2017-09-04 16:00:00,,0
2017-09-05 16:00:00,,0
2017-09-06 16:00:00,,0
2017-09-07 16:00:00,,0
2017-09-08 16:00:00,,0
2017-09-09 16:00:00,,0
2017-09-10 16:00:00,,0
2017-09-11 16:00:00,,0
2017-09-12 16:00:00,,0
2017-09-13 16:00:00,,0
2017-09-14 16:00:00,,0
2017-09-15 16:00:00,,0
2017-09-16 16:00:00,,0
2017-09-17 16:00:00,,0
2017-09-18 16:00:00,,1
2017-09-19 16:00:00,,0
2017-09-20 16:00:00,,1
2017-09-21 16:00:00,,3
2017-09-22 16:00:00,,0
2017-09-23 16:00:00,,0
2017-09-24 16:00:00,,0
2017-09-25 16:00:00,,0
2017-09-26 16:00:00,,0
2017-09-27 16:00:00,,0
2017-09-28 16:00:00,,0
2017-09-29 16:00:00,,0
2017-09-30 16:00:00,,0
2017-10-01 16:00:00,,2
2017-10-02 16:00:00,,1
2017-10-03 16:00:00,,5
2017-10-04 16:00:00,,4
2017-10-05 16:00:00,,0
2017-10-06 16:00:00,,1
2017-10-07 16:00:00,,11
2017-10-08 16:00:00,,17
2017-10-09 16:00:00,,18
2017-10-10 16:00:00,,18
2017-10-11 16:00:00,,20
2017-10-12 16:00:00,,23
2017-10-13 16:00:00,,33
2017-10-14 16:00:00,,37
2017-10-15 16:00:00,,40
2017-10-16 16:00:00,,42
2017-10-17 16:00:00,,43
2017-10-18 16:00:00,,54
2017-10-19 16:00:00,,56
2017-10-20 16:00:00,,57
2017-10-21 16:00:00,,59
2017-10-22 16:00:00,,87
2017-10-23 16:00:00,,88
2017-10-24 16:00:00,,87
2017-10-25 16:00:00,,86
2017-10-26 16:00:00,,88
2017-10-27 16:00:00,,87
2017-10-28 16:00:00,,86
2017-10-29 16:00:00,,86
2017-10-30 16:00:00,,88
2017-10-31 16:00:00,,87
2017-11-01 16:00:00,,89
2017-11-02 16:00:00,,101
2017-11-03 16:00:00,,133
2017-11-04 16:00:00,,137
2017-11-05 16:00:00,,138
2017-11-06 16:00:00,,139
2017-11-07 16:00:00,,140
2017-11-08 16:00:00,,140
2017-11-09 16:00:00,,142
2017-11-10 16:00:00,,160
2017-11-11 16:00:00,,161
2017-11-12 16:00:00,,166
2017-11-13 16:00:00,,173
2017-11-14 16:00:00,,180
2017-11-15 16:00:00,,188
2017-11-16 16:00:00,,193
2017-11-17 16:00:00,,200
2017-11-18 16:00:00,,203
2017-11-19 16:00:00,,204
2017-11-20 16:00:00,,205
2017-11-21 16:00:00,,208
2017-11-22 16:00:00,,217
2017-11-23 16:00:00,,209
2017-11-24 16:00:00,,209
2017-11-25 16:00:00,,212
2017-11-26 16:00:00,,219
2017-11-27 16:00:00,,223
2017-11-28 16:00:00,,225
2017-11-29 16:00:00,,232
2017-11-30 16:00:00,,239
2017-12-01 16:00:00,,251
2017-12-02 16:00:00,,257
2017-12-03 16:00:00,,264
2017-12-04 16:00:00,,265
2017-12-05 16:00:00,,265
2017-12-06 16:00:00,,265
2017-12-07 16:00:00,,266
2017-12-08 16:00:00,,266
2017-12-09 16:00:00,,266
2017-12-10 16:00:00,,266
2017-12-11 16:00:00,,266
2017-12-12 16:00:00,,266
2017-12-13 16:00:00,,267
2017-12-14 16:00:00,,268
2017-12-15 16:00:00,,268
2017-12-16 16:00:00,,269
2017-12-17 16:00:00,,274
2017-12-18 16:00:00,,294
2017-12-19 16:00:00,,301
2017-12-20 16:00:00,,323
2017-12-21 16:00:00,,325
2017-12-22 16:00:00,,330
2017-12-23 16:00:00,,331
2017-12-24 16:00:00,,332
2017-12-25 16:00:00,,332
2017-12-26 16:00:00,,332
2017-12-27 16:00:00,,332
2017-12-28 16:00:00,,337
2017-12-29 16:00:00,,343
2017-12-30 16:00:00,,357
2017-12-31 16:00:00,,359
2018-01-01 16:00:00,,359
2018-01-02 16:00:00,,359
2018-01-03 16:00:00,,360
2018-01-04 16:00:00,,360
2018-01-05 16:00:00,,361
2018-01-06 16:00:00,,366
2018-01-07 16:00:00,,371
2018-01-08 16:00:00,,377
2018-01-09 16:00:00,,388
2018-01-10 16:00:00,,396
2018-01-11 16:00:00,,400
2018-01-12 16:00:00,,401
2018-01-13 16:00:00,,411
2018-01-14 16:00:00,,413
2018-01-15 16:00:00,,414
2018-01-16 16:00:00,,416
2018-01-17 16:00:00,,428
2018-01-18 16:00:00,,437
2018-01-19 16:00:00,,439
2018-01-20 16:00:00,,445
2018-01-21 16:00:00,,447
2018-01-22 16:00:00,,448
2018-01-23 16:00:00,,449
2018-01-24 16:00:00,,463
2018-01-25 16:00:00,,478
2018-01-26 16:00:00,,482
2018-01-27 16:00:00,,485
2018-01-28 16:00:00,,499
2018-01-29 16:00:00,,515
2018-01-30 16:00:00,,525
2018-01-31 16:00:00,,527
2018-02-01 16:00:00,,530
2018-02-02 16:00:00,,538
2018-02-03 16:00:00,,549
2018-02-04 16:00:00,,568
2018-02-05 16:00:00,,582
2018-02-06 16:00:00,,586
2018-02-07 16:00:00,,593
2018-02-08 16:00:00,,595
2018-02-09 16:00:00,,604
2018-02-10 16:00:00,,605
2018-02-11 16:00:00,,605
2018-02-12 16:00:00,,605
2018-02-13 16:00:00,,605
2018-02-14 16:00:00,,611
2018-02-15 16:00:00,,612
2018-02-16 16:00:00,,614
2018-02-17 16:00:00,,618
2018-02-18 16:00:00,,630
2018-02-19 16:00:00,,632
2018-02-20 16:00:00,,633
2018-02-21 16:00:00,,633
2018-02-22 16:00:00,,634
2018-02-23 16:00:00,,634
2018-02-24 16:00:00,,640
2018-02-25 16:00:00,,642
2018-02-26 16:00:00,,649
2018-02-27 16:00:00,,652
2018-02-28 16:00:00,,656
2018-03-01 16:00:00,,659
2018-03-02 16:00:00,,668
2018-03-03 16:00:00,,678
2018-03-04 16:00:00,,681
2018-03-05 16:00:00,,682
2018-03-06 16:00:00,,684
2018-03-07 16:00:00,,684
2018-03-08 16:00:00,,686
2018-03-09 16:00:00,,693
2018-03-10 16:00:00,,695
2018-03-11 16:00:00,,696
2018-03-12 16:00:00,,696
2018-03-13 16:00:00,,696
2018-03-14 16:00:00,,697
2018-03-15 16:00:00,,700
2018-03-16 16:00:00,,701
2018-03-17 16:00:00,,701
2018-03-18 16:00:00,,701
2018-03-19 16:00:00,,701
2018-03-20 16:00:00,,701
2018-03-21 16:00:00,,701
2018-03-22 16:00:00,,703
2018-03-23 16:00:00,,710
2018-03-24 16:00:00,,715
2018-03-25 16:00:00,,716
2018-03-26 16:00:00,,718
2018-03-27 16:00:00,,738
2018-03-28 16:00:00,,744
2018-03-29 16:00:00,,747
2018-03-30 16:00:00,,751
2018-03-31 16:00:00,,753
2018-04-01 16:00:00,,755
2018-04-02 16:00:00,,757
2018-04-03 16:00:00,,760
2018-04-04 16:00:00,,761
2018-04-05 16:00:00,,762
2018-04-06 16:00:00,,768
2018-04-07 16:00:00,,769
2018-04-08 16:00:00,,777
2018-04-09 16:00:00,,779
2018-04-10 16:00:00,,780
2018-04-11 16:00:00,,782
2018-04-12 16:00:00,,784
2018-04-13 16:00:00,,791
2018-04-14 16:00:00,,794
2018-04-15 16:00:00,,800
2018-04-16 16:00:00,,804
2018-04-17 16:00:00,,814
2018-04-18 16:00:00,,818
2018-04-19 16:00:00,,820
2018-04-20 16:00:00,,820
2018-04-21 16:00:00,,825
2018-04-22 16:00:00,,831
2018-04-23 16:00:00,,833
2018-04-24 16:00:00,,834
2018-04-25 16:00:00,,834
2018-04-26 16:00:00,,832
2018-04-27 16:00:00,,832
2018-04-28 16:00:00,,828
2018-04-29 16:00:00,,832
2018-04-30 16:00:00,,838
2018-05-01 16:00:00,,839
2018-05-02 16:00:00,,842
2018-05-03 16:00:00,,812
2018-05-04 16:00:00,,767
2018-05-05 16:00:00,,787
2018-05-06 16:00:00,,811
2018-05-07 16:00:00,,824
2018-05-08 16:00:00,,831
2018-05-09 16:00:00,,844
2018-05-10 16:00:00,,848
2018-05-10 16:00:01,,NaN
2018-05-21 15:59:59,,NaN
2018-05-21 16:00:00,,774
2018-05-22 16:00:00,,777
2018-05-23 16:00:00,,736
2018-05-24 16:00:00,,700
2018-05-25 16:00:00,,662
2018-05-26 16:00:00,,629
2018-05-27 16:00:00,,580
2018-05-28 16:00:00,,517
2018-05-29 16:00:00,,494
2018-05-30 16:00:00,,455
2018-05-31 16:00:00,,458
2018-06-01 16:00:00,,460
2018-06-02 16:00:00,,454
2018-06-03 16:00:00,,435
2018-06-04 16:00:00,,438
2018-06-05 16:00:00,,434
2018-06-06 16:00:00,,429
2018-06-07 16:00:00,,404
2018-06-08 16:00:00,,367
2018-06-09 16:00:00,,345
2018-06-10 16:00:00,,335
2018-06-11 16:00:00,,351
2018-06-12 16:00:00,,364
2018-06-13 16:00:00,,374
2018-06-14 16:00:00,,385
2018-06-15 16:00:00,,397
2018-06-16 16:00:00,,416
2018-06-17 16:00:00,,418
2018-06-18 16:00:00,,371
2018-06-19 16:00:00,,322
2018-06-20 16:00:00,,287
2018-06-21 16:00:00,,249
2018-06-22 16:00:00,,213
2018-06-23 16:00:00,,193
2018-06-24 16:00:00,,181
2018-06-25 16:00:00,,146
2018-06-26 16:00:00,,142
2018-06-27 16:00:00,,147
2018-06-28 16:00:00,,147
2018-06-29 16:00:00,,144
2018-06-30 16:00:00,,123
2018-07-01 16:00:00,,89
2018-07-02 16:00:00,,53
2018-07-03 16:00:00,,32
2018-07-04 16:00:00,,9
2018-07-05 16:00:00,,5
2018-07-06 16:00:00,,6
2018-07-07 16:00:00,,6
2018-07-08 16:00:00,,6
2018-07-09 16:00:00,,6
2018-07-10 16:00:00,,7
2018-07-11 16:00:00,,6
2018-07-12 16:00:00,,7
2018-07-13 16:00:00,,6
2018-07-14 16:00:00,,6
2018-07-15 16:00:00,,7
2018-07-16 16:00:00,,7
2018-07-17 16:00:00,,7
2018-07-18 16:00:00,,6
2018-07-19 16:00:00,,7
2018-07-20 16:00:00,,6
2018-07-21 16:00:00,,6
2018-07-22 16:00:00,,7
2018-07-23 16:00:00,,7
2018-07-24 16:00:00,,7
2018-07-25 16:00:00,,7
2018-07-26 16:00:00,,7
2018-07-27 16:00:00,,6
2018-07-28 16:00:00,,6
2018-07-29 16:00:00,,7
2018-07-30 16:00:00,,7
2018-07-31 16:00:00,,7
2018-08-01 16:00:00,,7
2018-08-02 16:00:00,,7
2018-08-03 16:00:00,,7
2018-08-04 16:00:00,,7
2018-08-05 16:00:00,,7
2018-08-06 16:00:00,,7
2018-08-07 16:00:00,,6
2018-08-08 16:00:00,,7
2018-08-09 16:00:00,,7
2018-08-10 16:00:00,,7
2018-08-11 16:00:00,,7
2018-08-12 16:00:00,,7
2018-08-13 16:00:00,,7
2018-08-14 16:00:00,,7
2018-08-15 16:00:00,,7
2018-08-16 16:00:00,,7
2018-08-17 16:00:00,,7
2018-08-18 16:00:00,,7
2018-08-19 16:00:00,,7
2018-08-20 16:00:00,,7
2018-08-21 16:00:00,,7
2018-08-22 16:00:00,,7
2018-08-23 16:00:00,,7
2018-08-24 16:00:00,,7
2018-08-25 16:00:00,,7
2018-08-26 16:00:00,,7
2018-08-27 16:00:00,,6
2018-08-27 16:00:01,,NaN
2018-08-31 15:59:59,,NaN
2018-08-31 16:00:00,,0
2018-09-01 16:00:00,,0
2018-09-02 16:00:00,,0
2018-09-03 16:00:00,,0
2018-09-04 16:00:00,,0
2018-09-05 16:00:00,,0
2018-09-06 16:00:00,,0
2018-09-07 16:00:00,,0
2018-09-08 16:00:00,,0
2018-09-09 16:00:00,,0
2018-09-10 16:00:00,,0
2018-09-11 16:00:00,,0
2018-09-12 16:00:00,,0
2018-09-13 16:00:00,,0
2018-09-13 16:00:01,,NaN
2018-09-16 15:59:59,,NaN
2018-09-16 16:00:00,,0
2018-09-16 16:00:01,,NaN
2018-09-22 15:59:59,,NaN
2018-09-22 16:00:00,,0
2018-09-22 16:00:01,,NaN
2018-09-27 15:59:59,,NaN
2018-09-27 16:00:00,,0
2018-09-27 16:00:01,,NaN
2018-10-01 15:59:59,,NaN
2018-10-01 16:00:00,,8
2018-10-02 16:00:00,,8
2018-10-03 16:00:00,,8
2018-10-04 16:00:00,,8
2018-10-05 16:00:00,,8
2018-10-06 16:00:00,,8
2018-10-07 16:00:00,,8
2018-10-08 16:00:00,,8
2018-10-09 16:00:00,,32
2018-10-10 16:00:00,,34
2018-10-11 16:00:00,,34
2018-10-12 16:00:00,,34
2018-10-13 16:00:00,,34
2018-10-14 16:00:00,,33
2018-10-15 16:00:00,,34
2018-10-16 16:00:00,,34
2018-10-17 16:00:00,,34
2018-10-18 16:00:00,,34
2018-10-19 16:00:00,,34
2018-10-20 16:00:00,,34
2018-10-21 16:00:00,,34
2018-10-22 16:00:00,,34
2018-10-23 16:00:00,,36
2018-10-24 16:00:00,,36
2018-10-25 16:00:00,,37
2018-10-26 16:00:00,,40
2018-10-27 16:00:00,,40
2018-10-28 16:00:00,,56
2018-10-29 16:00:00,,62
2018-10-30 16:00:00,,64
2018-10-31 16:00:00,,83
2018-11-01 16:00:00,,91
2018-11-02 16:00:00,,106
2018-11-03 16:00:00,,129
2018-11-04 16:00:00,,152
2018-11-05 16:00:00,,160
2018-11-06 16:00:00,,176
2018-11-07 16:00:00,,183
2018-11-08 16:00:00,,183
2018-11-09 16:00:00,,185
2018-11-10 16:00:00,,192
2018-11-11 16:00:00,,192
2018-11-12 16:00:00,,192
2018-11-13 16:00:00,,192
2018-11-14 16:00:00,,195
2018-11-15 16:00:00,,201
2018-11-16 16:00:00,,210
2018-11-17 16:00:00,,210
2018-11-18 16:00:00,,210
2018-11-19 16:00:00,,210
2018-11-20 16:00:00,,210
2018-11-21 16:00:00,,210
2018-11-22 16:00:00,,210
2018-11-23 16:00:00,,220
2018-11-24 16:00:00,,222
2018-11-25 16:00:00,,222
2018-11-26 16:00:00,,232
2018-11-27 16:00:00,,255
2018-11-28 16:00:00,,260
2018-11-29 16:00:00,,260
2018-11-30 16:00:00,,263
2018-12-01 16:00:00,,268
2018-12-02 16:00:00,,269
2018-12-03 16:00:00,,269
2018-12-04 16:00:00,,269
2018-12-05 16:00:00,,269
2018-12-06 16:00:00,,268
2018-12-07 16:00:00,,268
2018-12-08 16:00:00,,268
2018-12-09 16:00:00,,268
2018-12-10 16:00:00,,282
2018-12-11 16:00:00,,292
2018-12-12 16:00:00,,305
2018-12-13 16:00:00,,308
2018-12-14 16:00:00,,313
2018-12-15 16:00:00,,316
2018-12-16 16:00:00,,318
2018-12-17 16:00:00,,332
2018-12-18 16:00:00,,337
2018-12-19 16:00:00,,341
2018-12-20 16:00:00,,350
2018-12-21 16:00:00,,357
2018-12-22 16:00:00,,359
2018-12-23 16:00:00,,373
2018-12-24 16:00:00,,373
2018-12-25 16:00:00,,373
2018-12-26 16:00:00,,375
2018-12-27 16:00:00,,381
2018-12-28 16:00:00,,382
2018-12-29 16:00:00,,403
2018-12-30 16:00:00,,415
2018-12-31 16:00:00,,415
2019-01-01 16:00:00,,418
2019-01-02 16:00:00,,421
2019-01-03 16:00:00,,429
2019-01-04 16:00:00,,438
2019-01-05 16:00:00,,438
2019-01-06 16:00:00,,443
2019-01-07 16:00:00,,443
2019-01-08 16:00:00,,444
2019-01-09 16:00:00,,465
2019-01-10 16:00:00,,472
2019-01-11 16:00:00,,472
2019-01-12 16:00:00,,472
2019-01-13 16:00:00,,472
2019-01-14 16:00:00,,472
2019-01-15 16:00:00,,478
2019-01-16 16:00:00,,478
2019-01-17 16:00:00,,481
2019-01-18 16:00:00,,486
2019-01-19 16:00:00,,494
2019-01-20 16:00:00,,494
2019-01-21 16:00:00,,498
2019-01-22 16:00:00,,498
2019-01-23 16:00:00,,502
2019-01-24 16:00:00,,502
2019-01-25 16:00:00,,502
2019-01-26 16:00:00,,502
2019-01-27 16:00:00,,507
2019-01-28 16:00:00,,507
2019-01-29 16:00:00,,507
2019-01-30 16:00:00,,507
2019-01-31 16:00:00,,507
2019-02-01 16:00:00,,508
2019-02-02 16:00:00,,509
2019-02-03 16:00:00,,513
2019-02-04 16:00:00,,513
2019-02-05 16:00:00,,512
2019-02-06 16:00:00,,512
2019-02-07 16:00:00,,512
2019-02-08 16:00:00,,512
2019-02-09 16:00:00,,515
2019-02-10 16:00:00,,520
2019-02-11 16:00:00,,522
2019-02-12 16:00:00,,522
2019-02-13 16:00:00,,525
2019-02-14 16:00:00,,526
2019-02-15 16:00:00,,532
2019-02-16 16:00:00,,532
2019-02-17 16:00:00,,533
2019-02-18 16:00:00,,532
2019-02-19 16:00:00,,543
2019-02-20 16:00:00,,553
2019-02-21 16:00:00,,553
2019-02-22 16:00:00,,553
2019-02-23 16:00:00,,562
2019-02-24 16:00:00,,562
2019-02-25 16:00:00,,565
2019-02-26 16:00:00,,569
2019-02-27 16:00:00,,569
2019-02-28 16:00:00,,569
2019-03-01 16:00:00,,569
2019-03-02 16:00:00,,569
2019-03-03 16:00:00,,568
2019-03-04 16:00:00,,568
2019-03-05 16:00:00,,568
2019-03-06 16:00:00,,579
2019-03-07 16:00:00,,584
2019-03-08 16:00:00,,584
2019-03-09 16:00:00,,584
2019-03-10 16:00:00,,584
2019-03-11 16:00:00,,584
2019-03-12 16:00:00,,596
2019-03-13 16:00:00,,596
2019-03-14 16:00:00,,596
2019-03-15 16:00:00,,596
2019-03-16 16:00:00,,596
2019-03-17 16:00:00,,596
2019-03-18 16:00:00,,597
2019-03-19 16:00:00,,597
2019-03-20 16:00:00,,597
2019-03-21 16:00:00,,597
2019-03-22 16:00:00,,597
2019-03-23 16:00:00,,597
2019-03-24 16:00:00,,597
2019-03-25 16:00:00,,603
2019-03-26 16:00:00,,620
2019-03-27 16:00:00,,621
2019-03-28 16:00:00,,621
2019-03-29 16:00:00,,621
2019-03-30 16:00:00,,621
2019-03-31 16:00:00,,621
2019-04-01 16:00:00,,623
2019-04-02 16:00:00,,625
2019-04-03 16:00:00,,631
2019-04-04 16:00:00,,632
2019-04-05 16:00:00,,636
2019-04-06 16:00:00,,643
2019-04-07 16:00:00,,643
2019-04-08 16:00:00,,643
2019-04-09 16:00:00,,650
2019-04-10 16:00:00,,650
2019-04-11 16:00:00,,660
2019-04-12 16:00:00,,660
2019-04-13 16:00:00,,668
2019-04-14 16:00:00,,680
2019-04-15 16:00:00,,680
2019-04-16 16:00:00,,680
2019-04-17 16:00:00,,680
2019-04-18 16:00:00,,680
2019-04-19 16:00:00,,701
2019-04-20 16:00:00,,703
2019-04-21 16:00:00,,703
2019-04-22 16:00:00,,703
2019-04-23 16:00:00,,705
2019-04-24 16:00:00,,705
2019-04-25 16:00:00,,705
2019-04-26 16:00:00,,708
2019-04-27 16:00:00,,710
2019-04-28 16:00:00,,710
2019-04-29 16:00:00,,710
2019-04-30 16:00:00,,710
2019-05-01 16:00:00,,711
2019-05-02 16:00:00,,711
2019-05-03 16:00:00,,711
2019-05-04 16:00:00,,711
2019-05-05 16:00:00,,711
2019-05-06 16:00:00,,711
2019-05-07 16:00:00,,704
2019-05-08 16:00:00,,689
2019-05-09 16:00:00,,674
2019-05-10 16:00:00,,661
2019-05-11 16:00:00,,647
2019-05-12 16:00:00,,642
2019-05-13 16:00:00,,642
2019-05-14 16:00:00,,663
2019-05-15 16:00:00,,721
2019-05-16 16:00:00,,737
2019-05-17 16:00:00,,705
2019-05-18 16:00:00,,678
2019-05-19 16:00:00,,652
2019-05-20 16:00:00,,619
2019-05-21 16:00:00,,593
2019-05-22 16:00:00,,563
2019-05-23 16:00:00,,520
2019-05-24 16:00:00,,512
2019-05-25 16:00:00,,480
2019-05-26 16:00:00,,462
2019-05-27 16:00:00,,434
2019-05-28 16:00:00,,381
2019-05-29 16:00:00,,332
2019-05-30 16:00:00,,282
2019-05-31 16:00:00,,238
2019-06-01 16:00:00,,191
2019-06-02 16:00:00,,140
2019-06-03 16:00:00,,93
2019-06-04 16:00:00,,50
2019-06-05 16:00:00,,30
2019-06-06 16:00:00,,24
2019-06-07 16:00:00,,23
2019-06-08 16:00:00,,23
2019-06-09 16:00:00,,22
2019-06-10 16:00:00,,22
2019-06-11 16:00:00,,22
2019-06-12 16:00:00,,22
2019-06-13 16:00:00,,22
2019-06-14 16:00:00,,22
2019-06-15 16:00:00,,22
2019-06-16 16:00:00,,22
2019-06-17 16:00:00,,22
2019-06-18 16:00:00,,21
2019-06-19 16:00:00,,20
2019-06-20 16:00:00,,20
2019-06-21 16:00:00,,20
2019-06-22 16:00:00,,20
2019-06-23 16:00:00,,20
2019-06-24 16:00:00,,20
2019-06-25 16:00:00,,20
2019-06-26 16:00:00,,20
2019-06-27 16:00:00,,20
2019-06-28 16:00:00,,20
2019-06-29 16:00:00,,20
2019-06-30 16:00:00,,20
2019-07-01 16:00:00,,20
2019-07-02 16:00:00,,20
2019-07-03 16:00:00,,20
2019-07-04 16:00:00,,20
2019-07-05 16:00:00,,20
2019-07-06 16:00:00,,20
2019-07-07 16:00:00,,20
2019-07-08 16:00:00,,20
2019-07-09 16:00:00,,20
2019-07-10 16:00:00,,20
2019-07-11 16:00:00,,20
2019-07-12 16:00:00,,20
2019-07-13 16:00:00,,20
2019-07-14 16:00:00,,20
2019-07-15 16:00:00,,20
2019-07-16 16:00:00,,20
2019-07-17 16:00:00,,20
2019-07-18 16:00:00,,19
2019-07-18 16:00:01,,NaN
2019-08-16 15:59:59,,NaN
2019-08-16 16:00:00,,0
2019-08-17 16:00:00,,0
2019-08-18 16:00:00,,0
2019-08-19 16:00:00,,0
2019-08-20 16:00:00,,0
2019-08-21 16:00:00,,0
2019-08-22 16:00:00,,0
2019-08-23 16:00:00,,0
2019-08-24 16:00:00,,0
2019-08-25 16:00:00,,0
2019-08-26 16:00:00,,0
2019-08-27 16:00:00,,0
2019-08-28 16:00:00,,0
2019-08-29 16:00:00,,0
2019-08-30 16:00:00,,0
2019-08-31 16:00:00,,0
2019-09-01 16:00:00,,0
2019-09-02 16:00:00,,0
2019-09-03 16:00:00,,0
2019-09-04 16:00:00,,0
2019-09-05 16:00:00,,0
2019-09-06 16:00:00,,0
2019-09-07 16:00:00,,0
2019-09-08 16:00:00,,0
2019-09-09 16:00:00,,0
2019-09-10 16:00:00,,0
2019-09-11 16:00:00,,0
2019-09-12 16:00:00,,0
2019-09-13 16:00:00,,0
2019-09-14 16:00:00,,0
2019-09-15 16:00:00,,0
2019-09-16 16:00:00,,0
2019-09-17 16:00:00,,0
2019-09-18 16:00:00,,0
2019-09-19 16:00:00,,0
2019-09-20 16:00:00,,1
2019-09-21 16:00:00,,1
2019-09-22 16:00:00,,1
2019-09-23 16:00:00,,1
2019-09-24 16:00:00,,1
2019-09-25 16:00:00,,1
2019-09-26 16:00:00,,2
2019-09-27 16:00:00,,1
2019-09-28 16:00:00,,11
2019-09-29 16:00:00,,12
2019-09-30 16:00:00,,16
2019-10-01 16:00:00,,17
2019-10-02 16:00:00,,19
2019-10-03 16:00:00,,19
2019-10-04 16:00:00,,26
2019-10-05 16:00:00,,29
2019-10-06 16:00:00,,30
2019-10-07 16:00:00,,34
2019-10-08 16:00:00,,41
2019-10-09 16:00:00,,45
2019-10-10 16:00:00,,45
2019-10-11 16:00:00,,46
2019-10-12 16:00:00,,50
2019-10-13 16:00:00,,57
2019-10-14 16:00:00,,64
2019-10-15 16:00:00,,64
2019-10-16 16:00:00,,65
2019-10-17 16:00:00,,68
2019-10-18 16:00:00,,84
2019-10-19 16:00:00,,97
2019-10-20 16:00:00,,97
2019-10-21 16:00:00,,117
2019-10-22 16:00:00,,128
2019-10-23 16:00:00,,129
2019-10-24 16:00:00,,129
2019-10-25 16:00:00,,129
2019-10-26 16:00:00,,136
2019-10-27 16:00:00,,137
2019-10-28 16:00:00,,137
2019-10-29 16:00:00,,137
2019-10-30 16:00:00,,137
2019-10-31 16:00:00,,137
2019-11-01 16:00:00,,137
2019-11-02 16:00:00,,138
2019-11-03 16:00:00,,139
2019-11-04 16:00:00,,149
2019-11-05 16:00:00,,149
2019-11-06 16:00:00,,149
2019-11-07 16:00:00,,151
2019-11-08 16:00:00,,151
2019-11-09 16:00:00,,154
2019-11-10 16:00:00,,158
2019-11-11 16:00:00,,158
2019-11-12 16:00:00,,171
2019-11-13 16:00:00,,176
2019-11-14 16:00:00,,177
2019-11-15 16:00:00,,180
2019-11-16 16:00:00,,195
2019-11-17 16:00:00,,217
2019-11-18 16:00:00,,218
2019-11-19 16:00:00,,226
2019-11-20 16:00:00,,226
2019-11-21 16:00:00,,226
2019-11-22 16:00:00,,227
2019-11-23 16:00:00,,227
2019-11-24 16:00:00,,240
2019-11-25 16:00:00,,250
2019-11-26 16:00:00,,250
2019-11-27 16:00:00,,250
2019-11-28 16:00:00,,250
2019-11-29 16:00:00,,250
2019-11-30 16:00:00,,249
2019-12-01 16:00:00,,250
2019-12-02 16:00:00,,260
2019-12-03 16:00:00,,271
2019-12-04 16:00:00,,273
2019-12-05 16:00:00,,274
2019-12-06 16:00:00,,275
2019-12-07 16:00:00,,277
2019-12-08 16:00:00,,277
2019-12-09 16:00:00,,277
2019-12-10 16:00:00,,277
2019-12-11 16:00:00,,284
2019-12-12 16:00:00,,295
2019-12-13 16:00:00,,305
2019-12-14 16:00:00,,307
2019-12-15 16:00:00,,307
2019-12-16 16:00:00,,307
2019-12-17 16:00:00,,320
2019-12-18 16:00:00,,323
2019-12-19 16:00:00,,332
2019-12-20 16:00:00,,357
2019-12-21 16:00:00,,383
2019-12-22 16:00:00,,394
2019-12-23 16:00:00,,397
2019-12-24 16:00:00,,400
2019-12-25 16:00:00,,400
2019-12-26 16:00:00,,399
2019-12-27 16:00:00,,406
2019-12-28 16:00:00,,406
2019-12-29 16:00:00,,409
2019-12-30 16:00:00,,409
2019-12-31 16:00:00,,443
2020-01-01 16:00:00,,483
2020-01-02 16:00:00,,488
2020-01-03 16:00:00,,507
2020-01-04 16:00:00,,515
2020-01-05 16:00:00,,515
2020-01-06 16:00:00,,517
2020-01-07 16:00:00,,539
2020-01-08 16:00:00,,546
2020-01-09 16:00:00,,546
2020-01-10 16:00:00,,555
2020-01-11 16:00:00,,573
2020-01-12 16:00:00,,592.7499999998636
2020-01-13 16:00:00,,601
2020-01-14 16:00:00,,602
2020-01-15 16:00:00,,602
2020-01-16 16:00:00,,610
2020-01-17 16:00:00,,611
2020-01-18 16:00:00,,615
2020-01-19 16:00:00,,618
2020-01-20 16:00:00,,626
2020-01-21 16:00:00,,628
2020-01-22 16:00:00,,634
2020-01-23 16:00:00,,640
2020-01-24 16:00:00,,650
2020-01-25 16:00:00,,652
2020-01-26 16:00:00,,660
2020-01-27 16:00:00,,663
2020-01-28 16:00:00,,671
2020-01-29 16:00:00,,672
2020-01-30 16:00:00,,669
2020-01-31 16:00:00,,675
2020-02-01 16:00:00,,692
2020-02-02 16:00:00,,694
2020-02-03 16:00:00,,698
2020-02-04 16:00:00,,698
2020-02-05 16:00:00,,710
2020-02-06 16:00:00,,716
2020-02-07 16:00:00,,721
2020-02-08 16:00:00,,732
2020-02-09 16:00:00,,726
2020-02-10 16:00:00,,730
2020-02-11 16:00:00,,743
2020-02-12 16:00:00,,736
2020-02-13 16:00:00,,743
2020-02-14 16:00:00,,740
2020-02-15 16:00:00,,741
2020-02-16 16:00:00,,742
2020-02-17 16:00:00,,742
2020-02-18 16:00:00,,742
2020-02-19 16:00:00,,743
2020-02-20 16:00:00,,746
2020-02-21 16:00:00,,748
2020-02-22 16:00:00,,754.7499999999945
2020-02-23 16:00:00,,766
2020-02-24 16:00:00,,758
2020-02-25 16:00:00,,761
2020-02-26 16:00:00,,771
2020-02-27 16:00:00,,772
2020-02-28 16:00:00,,782
2020-02-29 16:00:00,,787
2020-03-01 16:00:00,,773
2020-03-02 16:00:00,,785
2020-03-03 16:00:00,,786
2020-03-04 16:00:00,,788
2020-03-05 16:00:00,,793
2020-03-06 16:00:00,,796
2020-03-07 16:00:00,,806
2020-03-08 16:00:00,,803
2020-03-09 16:00:00,,801
2020-03-10 16:00:00,,809
2020-03-11 16:00:00,,821
2020-03-12 16:00:00,,815
2020-03-13 16:00:00,,829
2020-03-14 16:00:00,,831
2020-03-15 16:00:00,,823
2020-03-16 16:00:00,,823
2020-03-17 16:00:00,,837
2020-03-18 16:00:00,,836
2020-03-19 16:00:00,,829
2020-03-20 16:00:00,,824
2020-03-21 16:00:00,,829
2020-03-22 16:00:00,,833
2020-03-23 16:00:00,,845
2020-03-24 16:00:00,,833
2020-03-25 16:00:00,,832
2020-03-26 16:00:00,,835
2020-03-27 16:00:00,,834
2020-03-28 16:00:00,,833
2020-03-29 16:00:00,,839
2020-03-30 16:00:00,,845
2020-03-31 16:00:00,,844
2020-04-01 16:00:00,,844
2020-04-02 16:00:00,,844
2020-04-03 16:00:00,,851
2020-04-04 16:00:00,,858
2020-04-05 16:00:00,,863
2020-04-06 16:00:00,,858
2020-04-07 16:00:00,,852
2020-04-08 16:00:00,,848
2020-04-09 16:00:00,,857
2020-04-10 16:00:00,,861
2020-04-11 16:00:00,,861
2020-04-12 16:00:00,,852
2020-04-13 16:00:00,,851
2020-04-14 16:00:00,,857
2020-04-15 16:00:00,,859
2020-04-16 16:00:00,,859
2020-04-17 16:00:00,,872
2020-04-18 16:00:00,,871
2020-04-19 16:00:00,,865
2020-04-20 16:00:00,,862
2020-04-21 16:00:00,,861
2020-04-22 16:00:00,,859
2020-04-23 16:00:00,,858
2020-04-24 16:00:00,,858
2020-04-25 16:00:00,,869
2020-04-26 16:00:00,,870
2020-04-27 16:00:00,,875
2020-04-28 16:00:00,,864
2020-04-29 16:00:00,,876
2020-04-30 16:00:00,,884
2020-05-01 16:00:00,,883
2020-05-02 16:00:00,,882
2020-05-03 16:00:00,,885
2020-05-04 16:00:00,,885
2020-05-05 16:00:00,,887
2020-05-06 16:00:00,,888
2020-05-07 16:00:00,,913
2020-05-08 16:00:00,,924
2020-05-09 16:00:00,,924
2020-05-10 16:00:00,,916
2020-05-11 16:00:00,,898
2020-05-12 16:00:00,,873
2020-05-13 16:00:00,,844
2020-05-14 16:00:00,,830
2020-05-15 16:00:00,,817
2020-05-16 16:00:00,,809
2020-05-17 16:00:00,,858
2020-05-18 16:00:00,,934
2020-05-19 16:00:00,,983
2020-05-20 16:00:00,,1010
2020-05-21 16:00:00,,1025
2020-05-22 16:00:00,,1110
2020-05-23 16:00:00,,1162
2020-05-24 16:00:00,,1110
2020-05-25 16:00:00,,1077
2020-05-26 16:00:00,,1073
2020-05-27 16:00:00,,1023
2020-05-28 16:00:00,,996
2020-05-29 16:00:00,,952
2020-05-30 16:00:00,,906
2020-05-31 16:00:00,,888
2020-06-01 16:00:00,,928
2020-06-02 16:00:00,,883
2020-06-03 16:00:00,,832
2020-06-04 16:00:00,,777
2020-06-05 16:00:00,,734
2020-06-06 16:00:00,,673
2020-06-07 16:00:00,,648
2020-06-08 16:00:00,,619
2020-06-09 16:00:00,,622
2020-06-10 16:00:00,,620
2020-06-11 16:00:00,,568
2020-06-12 16:00:00,,544
2020-06-13 16:00:00,,511
2020-06-14 16:00:00,,501
2020-06-15 16:00:00,,496
2020-06-16 16:00:00,,464
2020-06-17 16:00:00,,435
2020-06-18 16:00:00,,384
2020-06-19 16:00:00,,320
2020-06-20 16:00:00,,278
2020-06-21 16:00:00,,245
2020-06-22 16:00:00,,199
2020-06-23 16:00:00,,153
2020-06-24 16:00:00,,110
2020-06-25 16:00:00,,66
2020-06-26 16:00:00,,34
2020-06-27 16:00:00,,14
2020-06-28 16:00:00,,12
2020-06-29 16:00:00,,12
2020-06-30 16:00:00,,11
2020-07-01 16:00:00,,10
2020-07-02 16:00:00,,10
2020-07-03 16:00:00,,10
2020-07-04 16:00:00,,9
2020-07-05 16:00:00,,9
2020-07-06 16:00:00,,9
2020-07-07 16:00:00,,8
2020-07-08 16:00:00,,7
2020-07-09 16:00:00,,6
2020-07-10 16:00:00,,5
2020-07-11 16:00:00,,5
2020-07-12 16:00:00,,5
2020-07-13 16:00:00,,5
2020-07-14 16:00:00,,5
2020-07-15 16:00:00,,5
2020-07-16 16:00:00,,5
2020-07-17 16:00:00,,5
2020-07-18 16:00:00,,4
2020-07-19 16:00:00,,4
2020-07-20 16:00:00,,4
2020-07-21 16:00:00,,4
2020-07-22 16:00:00,,4
2020-07-23 16:00:00,,4
2020-07-24 16:00:00,,4
2020-07-25 16:00:00,,4
2020-07-26 16:00:00,,4
2020-07-27 16:00:00,,4
2020-07-28 16:00:00,,4
2020-07-29 16:00:00,,4
2020-07-30 16:00:00,,4
2020-07-31 16:00:00,,4
2020-08-01 16:00:00,,4
2020-08-02 16:00:00,,4
2020-08-03 16:00:00,,4
2020-08-04 16:00:00,,3
2020-08-05 16:00:00,,3
2020-08-06 16:00:00,,4
2020-08-07 16:00:00,,3
2020-08-08 16:00:00,,3
2020-08-09 16:00:00,,3
2020-08-10 16:00:00,,3
2020-08-11 16:00:00,,3
2020-08-12 16:00:00,,3
2020-08-13 16:00:00,,3
2020-08-14 16:00:00,,3
2020-08-15 16:00:00,,3
2020-08-16 16:00:00,,3
2020-08-17 16:00:00,,4
2020-08-18 16:00:00,,4
2020-08-19 16:00:00,,3
2020-08-20 16:00:00,,4
2020-08-21 16:00:00,,4
2020-08-22 16:00:00,,3
2020-08-23 16:00:00,,3
2020-08-24 16:00:00,,3
2020-08-25 16:00:00,,3
2020-08-26 16:00:00,,3
2020-08-27 16:00:00,,3
2020-08-28 16:00:00,,3
2020-08-29 16:00:00,,4
2020-08-30 16:00:00,,3
2020-08-31 16:00:00,,3
2020-09-01 16:00:00,,4
2020-09-02 16:00:00,,4
2020-09-03 16:00:00,,4
2020-09-04 16:00:00,,4
2020-09-05 16:00:00,,4
2020-09-06 16:00:00,,4
2020-09-07 16:00:00,,4
2020-09-08 16:00:00,,3
2020-09-09 16:00:00,,3
2020-09-10 16:00:00,,9
2020-09-11 16:00:00,,10
2020-09-12 16:00:00,,10
2020-09-13 16:00:00,,10
2020-09-14 16:00:00,,10
2020-09-15 16:00:00,,10
2020-09-16 16:00:00,,10
2020-09-17 16:00:00,,10
2020-09-18 16:00:00,,10
2020-09-19 16:00:00,,10
2020-09-20 16:00:00,,10
2020-09-21 16:00:00,,9
2020-09-22 16:00:00,,9
2020-09-23 16:00:00,,10
2020-09-24 16:00:00,,9
2020-09-25 16:00:00,,10
2020-09-26 16:00:00,,9
2020-09-27 16:00:00,,10
2020-09-28 16:00:00,,10
2020-09-29 16:00:00,,11
2020-09-30 16:00:00,,10
2020-10-01 16:00:00,,11
2020-10-02 16:00:00,,11
2020-10-03 16:00:00,,10
2020-10-04 16:00:00,,11
2020-10-05 16:00:00,,10
2020-10-06 16:00:00,,11
2020-10-07 16:00:00,,11
2020-10-08 16:00:00,,11
2020-10-09 16:00:00,,11
2020-10-10 16:00:00,,11
2020-10-11 16:00:00,,35
2020-10-12 16:00:00,,62
2020-10-13 16:00:00,,76
2020-10-14 16:00:00,,93
2020-10-15 16:00:00,,96
2020-10-16 16:00:00,,106
2020-10-17 16:00:00,,108
2020-10-18 16:00:00,,110
2020-10-19 16:00:00,,117
2020-10-20 16:00:00,,123
2020-10-21 16:00:00,,142
2020-10-22 16:00:00,,141
2020-10-23 16:00:00,,149
2020-10-24 16:00:00,,164
2020-10-25 16:00:00,,164
2020-10-26 16:00:00,,167
2020-10-27 16:00:00,,169
2020-10-28 16:00:00,,171
2020-10-29 16:00:00,,171
2020-10-30 16:00:00,,171
2020-10-31 16:00:00,,177
2020-11-01 16:00:00,,177
2020-11-02 16:00:00,,177
2020-11-03 16:00:00,,177
2020-11-04 16:00:00,,181
2020-11-05 16:00:00,,179
2020-11-06 16:00:00,,178
2020-11-07 16:00:00,,178
2020-11-08 16:00:00,,178
2020-11-09 16:00:00,,178
2020-11-10 16:00:00,,187
2020-11-11 16:00:00,,189
2020-11-12 16:00:00,,189
2020-11-13 16:00:00,,214
2020-11-14 16:00:00,,235
2020-11-15 16:00:00,,245
2020-11-16 16:00:00,,245
2020-11-17 16:00:00,,268
2020-11-18 16:00:00,,270
2020-11-19 16:00:00,,290
2020-11-20 16:00:00,,290
2020-11-21 16:00:00,,293
2020-11-22 16:00:00,,295
2020-11-23 16:00:00,,296
2020-11-24 16:00:00,,284
2020-11-25 16:00:00,,287
2020-11-26 16:00:00,,287
2020-11-27 16:00:00,,287
2020-11-28 16:00:00,,291
2020-11-29 16:00:00,,291
2020-11-30 16:00:00,,295
2020-12-01 16:00:00,,297
2020-12-02 16:00:00,,297
2020-12-03 16:00:00,,300
2020-12-04 16:00:00,,300
2020-12-05 16:00:00,,300
2020-12-06 16:00:00,,301
2020-12-07 16:00:00,,301
2020-12-08 16:00:00,,308
2020-12-09 16:00:00,,315
2020-12-10 16:00:00,,315
2020-12-11 16:00:00,,316
2020-12-12 16:00:00,,315
2020-12-13 16:00:00,,316
2020-12-14 16:00:00,,316
2020-12-15 16:00:00,,326
2020-12-16 16:00:00,,329
2020-12-17 16:00:00,,344
2020-12-18 16:00:00,,344
2020-12-19 16:00:00,,355
2020-12-20 16:00:00,,368
2020-12-21 16:00:00,,369
2020-12-22 16:00:00,,408
2020-12-23 16:00:00,,408
2020-12-24 16:00:00,,410
2020-12-25 16:00:00,,410
2020-12-26 16:00:00,,427
2020-12-27 16:00:00,,428
2020-12-28 16:00:00,,437
2020-12-29 16:00:00,,437
2020-12-30 16:00:00,,448
2020-12-31 16:00:00,,456
2021-01-01 16:00:00,,464
2021-01-02 16:00:00,,468
2021-01-03 16:00:00,,471
2021-01-04 16:00:00,,479
2021-01-05 16:00:00,,488
2021-01-06 16:00:00,,499
2021-01-07 16:00:00,,498
2021-01-08 16:00:00,,501
2021-01-09 16:00:00,,500
2021-01-10 16:00:00,,503
2021-01-11 16:00:00,,505
2021-01-11 16:00:01,,NaN
2021-01-13 15:59:59,,NaN
2021-01-13 16:00:00,,531
2021-01-14 16:00:00,,529
2021-01-15 16:00:00,,536
2021-01-16 16:00:00,,536
2021-01-17 16:00:00,,545
2021-01-18 16:00:00,,542
2021-01-19 16:00:00,,547
2021-01-20 16:00:00,,548
2021-01-21 16:00:00,,548
2021-01-22 16:00:00,,547
2021-01-23 16:00:00,,547
2021-01-24 16:00:00,,550
2021-01-25 16:00:00,,549
2021-01-26 16:00:00,,550
2021-01-27 16:00:00,,550
2021-01-28 16:00:00,,555
2021-01-29 16:00:00,,565
2021-01-30 16:00:00,,564
2021-01-31 16:00:00,,566
2021-02-01 16:00:00,,577
2021-02-02 16:00:00,,593
2021-02-03 16:00:00,,593
2021-02-04 16:00:00,,593
2021-02-05 16:00:00,,612
2021-02-06 16:00:00,,629
2021-02-07 16:00:00,,629
2021-02-08 16:00:00,,628
2021-02-09 16:00:00,,627
2021-02-10 16:00:00,,627
2021-02-11 16:00:00,,627
2021-02-12 16:00:00,,629
2021-02-13 16:00:00,,635
2021-02-14 16:00:00,,632
2021-02-15 16:00:00,,638
2021-02-16 16:00:00,,633
2021-02-17 16:00:00,,628
2021-02-18 16:00:00,,632
2021-02-19 16:00:00,,652
2021-02-20 16:00:00,,651
2021-02-21 16:00:00,,653
2021-02-22 16:00:00,,655
2021-02-23 16:00:00,,658
2021-02-24 16:00:00,,651
2021-02-25 16:00:00,,682
2021-02-26 16:00:00,,683
2021-02-27 16:00:00,,672
2021-02-28 16:00:00,,673
2021-03-01 16:00:00,,678
2021-03-02 16:00:00,,683
2021-03-03 16:00:00,,683
2021-03-04 16:00:00,,680
2021-03-05 16:00:00,,682
2021-03-06 16:00:00,,691
2021-03-07 16:00:00,,690
2021-03-08 16:00:00,,690
2021-03-09 16:00:00,,693
2021-03-10 16:00:00,,694
2021-03-11 16:00:00,,694
2021-03-12 16:00:00,,694
2021-03-13 16:00:00,,693
2021-03-14 16:00:00,,698
2021-03-15 16:00:00,,707
2021-03-16 16:00:00,,701
2021-03-17 16:00:00,,701
2021-03-18 16:00:00,,702
2021-03-19 16:00:00,,708
2021-03-20 16:00:00,,707
2021-03-21 16:00:00,,706
2021-03-22 16:00:00,,724
2021-03-23 16:00:00,,714
2021-03-24 16:00:00,,742
2021-03-25 16:00:00,,740
2021-03-26 16:00:00,,735
2021-03-27 16:00:00,,731
2021-03-28 16:00:00,,756
2021-03-29 16:00:00,,745
2021-03-30 16:00:00,,734
2021-03-31 16:00:00,,732
2021-04-01 16:00:00,,753
2021-04-02 16:00:00,,754
2021-04-03 16:00:00,,744
2021-04-04 16:00:00,,744
2021-04-05 16:00:00,,744
2021-04-06 16:00:00,,745
2021-04-07 16:00:00,,751
2021-04-08 16:00:00,,752
2021-04-09 16:00:00,,742
2021-04-10 16:00:00,,743
2021-04-11 16:00:00,,742
2021-04-12 16:00:00,,741
2021-04-13 16:00:00,,741
2021-04-14 16:00:00,,743
2021-04-15 16:00:00,,748
2021-04-16 16:00:00,,745
2021-04-17 16:00:00,,745
2021-04-18 16:00:00,,747
2021-04-19 16:00:00,,744
2021-04-20 16:00:00,,742
2021-04-21 16:00:00,,748
2021-04-22 16:00:00,,750
2021-04-23 16:00:00,,745
2021-04-24 16:00:00,,743
2021-04-25 16:00:00,,743
2021-04-26 16:00:00,,734
2021-04-27 16:00:00,,720
2021-04-28 16:00:00,,719
2021-04-29 16:00:00,,717
2021-04-30 16:00:00,,715
2021-05-01 16:00:00,,702
2021-05-02 16:00:00,,694
2021-05-03 16:00:00,,694
2021-05-04 16:00:00,,693
2021-05-05 16:00:00,,689
2021-05-06 16:00:00,,689
2021-05-07 16:00:00,,680
2021-05-08 16:00:00,,680
2021-05-09 16:00:00,,679
2021-05-10 16:00:00,,679
2021-05-11 16:00:00,,679
2021-05-12 16:00:00,,679
2021-05-13 16:00:00,,679
2021-05-14 16:00:00,,679
2021-05-15 16:00:00,,679
2021-05-16 16:00:00,,679
2021-05-17 16:00:00,,679
2021-05-18 16:00:00,,690
2021-05-19 16:00:00,,694
2021-05-20 16:00:00,,668
2021-05-21 16:00:00,,621
2021-05-22 16:00:00,,563
2021-05-23 16:00:00,,518
2021-05-24 16:00:00,,488
2021-05-25 16:00:00,,469
2021-05-26 16:00:00,,452
2021-05-27 16:00:00,,425
2021-05-28 16:00:00,,428
2021-05-29 16:00:00,,426
2021-05-30 16:00:00,,414
2021-05-31 16:00:00,,372
2021-06-01 16:00:00,,337
2021-06-02 16:00:00,,304
2021-06-03 16:00:00,,241
2021-06-04 16:00:00,,190
2021-06-05 16:00:00,,146
2021-06-06 16:00:00,,121
2021-06-07 16:00:00,,114
2021-06-08 16:00:00,,119
2021-06-09 16:00:00,,104
2021-06-10 16:00:00,,84
2021-06-11 16:00:00,,60
2021-06-12 16:00:00,,52
2021-06-13 16:00:00,,18
2021-06-14 16:00:00,,7
2021-06-15 16:00:00,,2
2021-06-15 16:00:01,,NaN
2021-09-15 15:59:59,,NaN
2021-09-15 16:00:00,,1
2021-09-15 16:00:01,,NaN
2021-10-09 15:59:59,,NaN
2021-10-09 16:00:00,,0
2021-10-10 16:00:00,,17
2021-10-11 16:00:00,,19
2021-10-12 16:00:00,,19
2021-10-13 16:00:00,,26
2021-10-14 16:00:00,,26
2021-10-15 16:00:00,,35
2021-10-16 16:00:00,,46
2021-10-17 16:00:00,,47
2021-10-18 16:00:00,,47
2021-10-19 16:00:00,,46
2021-10-20 16:00:00,,47
2021-10-21 16:00:00,,48
2021-10-22 16:00:00,,47
2021-10-23 16:00:00,,48
2021-10-24 16:00:00,,48
2021-10-25 16:00:00,,63
2021-10-26 16:00:00,,63
2021-10-27 16:00:00,,65
2021-10-28 16:00:00,,80
2021-10-29 16:00:00,,108
2021-10-30 16:00:00,,112
2021-10-31 16:00:00,,112
2021-11-01 16:00:00,,111
2021-11-02 16:00:00,,114
2021-11-03 16:00:00,,121
2021-11-04 16:00:00,,124
2021-11-05 16:00:00,,122
2021-11-06 16:00:00,,124
2021-11-07 16:00:00,,126
2021-11-08 16:00:00,,126
2021-11-09 16:00:00,,128
2021-11-10 16:00:00,,130
2021-11-11 16:00:00,,130
2021-11-12 16:00:00,,134
2021-11-13 16:00:00,,135
2021-11-14 16:00:00,,160
2021-11-15 16:00:00,,173
2021-11-16 16:00:00,,190
2021-11-17 16:00:00,,191
2021-11-18 16:00:00,,191
2021-11-19 16:00:00,,204
2021-11-20 16:00:00,,202
2021-11-21 16:00:00,,208
2021-11-22 16:00:00,,212
2021-11-23 16:00:00,,211
2021-11-24 16:00:00,,212
2021-11-25 16:00:00,,233
2021-11-26 16:00:00,,240
2021-11-27 16:00:00,,239
2021-11-28 16:00:00,,266
2021-11-29 16:00:00,,266
2021-11-30 16:00:00,,277
2021-12-01 16:00:00,,284
2021-12-02 16:00:00,,283
2021-12-03 16:00:00,,286
2021-12-04 16:00:00,,289
2021-12-05 16:00:00,,293
2021-12-06 16:00:00,,301
2021-12-07 16:00:00,,299
2021-12-08 16:00:00,,300
2021-12-09 16:00:00,,315
2021-12-10 16:00:00,,315
2021-12-11 16:00:00,,323
2021-12-12 16:00:00,,323
2021-12-13 16:00:00,,324
2021-12-14 16:00:00,,334
2021-12-15 16:00:00,,335
2021-12-16 16:00:00,,342
2021-12-17 16:00:00,,340
2021-12-18 16:00:00,,362
2021-12-19 16:00:00,,360
2021-12-20 16:00:00,,363
2021-12-21 16:00:00,,364
2021-12-22 16:00:00,,367
2021-12-23 16:00:00,,376
2021-12-24 16:00:00,,375
2021-12-25 16:00:00,,381
2021-12-26 16:00:00,,392
2021-12-27 16:00:00,,392
2021-12-28 16:00:00,,392
2021-12-29 16:00:00,,391
2021-12-30 16:00:00,,398
2021-12-31 16:00:00,,393
2022-01-01 16:00:00,,393
2022-01-02 16:00:00,,397
2022-01-03 16:00:00,,418
2022-01-04 16:00:00,,406
2022-01-05 16:00:00,,412
2022-01-06 16:00:00,,434
2022-01-07 16:00:00,,444
2022-01-08 16:00:00,,429
2022-01-09 16:00:00,,433
2022-01-10 16:00:00,,444
2022-01-11 16:00:00,,450
2022-01-11 16:00:01,,NaN
2022-01-18 15:59:59,,NaN
2022-01-18 16:00:00,,477
2022-01-19 16:00:00,,473
2022-01-19 16:00:01,,NaN
2022-01-21 15:59:59,,NaN
2022-01-21 16:00:00,,484
2022-01-22 16:00:00,,488
2022-01-23 16:00:00,,497
2022-01-24 16:00:00,,498
2022-01-25 16:00:00,,496
2022-01-26 16:00:00,,495
2022-01-27 16:00:00,,491
2022-01-28 16:00:00,,498
2022-01-29 16:00:00,,499
2022-01-30 16:00:00,,510
2022-01-31 16:00:00,,510
2022-02-01 16:00:00,,513
2022-02-02 16:00:00,,514
2022-02-03 16:00:00,,516
2022-02-04 16:00:00,,522
2022-02-05 16:00:00,,515
2022-02-06 16:00:00,,520
2022-02-07 16:00:00,,530
2022-02-08 16:00:00,,518
2022-02-09 16:00:00,,523
2022-02-10 16:00:00,,529
2022-02-11 16:00:00,,521
2022-02-12 16:00:00,,527
2022-02-13 16:00:00,,534
2022-02-14 16:00:00,,546
2022-02-15 16:00:00,,533
2022-02-16 16:00:00,,538
2022-02-17 16:00:00,,550
2022-02-18 16:00:00,,548
2022-02-19 16:00:00,,569
2022-02-20 16:00:00,,570
2022-02-21 16:00:00,,567
2022-02-22 16:00:00,,561
2022-02-23 16:00:00,,569
2022-02-24 16:00:00,,566
2022-02-25 16:00:00,,566
2022-02-26 16:00:00,,572
2022-02-27 16:00:00,,581
2022-02-28 16:00:00,,593
2022-03-01 16:00:00,,593
2022-03-02 16:00:00,,596
2022-03-03 16:00:00,,604
2022-03-04 16:00:00,,603
2022-03-05 16:00:00,,599
2022-03-06 16:00:00,,595
2022-03-07 16:00:00,,603
2022-03-08 16:00:00,,609
2022-03-09 16:00:00,,609
2022-03-10 16:00:00,,608
2022-03-11 16:00:00,,608
2022-03-12 16:00:00,,623
2022-03-13 16:00:00,,629
2022-03-14 16:00:00,,622
2022-03-15 16:00:00,,642
2022-03-16 16:00:00,,632
2022-03-17 16:00:00,,641
2022-03-18 16:00:00,,650
2022-03-19 16:00:00,,668
2022-03-20 16:00:00,,663
2022-03-21 16:00:00,,670
2022-03-22 16:00:00,,675
2022-03-23 16:00:00,,692
2022-03-24 16:00:00,,683
2022-03-25 16:00:00,,694
2022-03-26 16:00:00,,696
2022-03-27 16:00:00,,703
2022-03-28 16:00:00,,703
2022-03-29 16:00:00,,697
2022-03-30 16:00:00,,706
2022-03-31 16:00:00,,719
2022-04-01 16:00:00,,725
2022-04-02 16:00:00,,729
2022-04-03 16:00:00,,739
2022-04-04 16:00:00,,764
2022-04-05 16:00:00,,723
2022-04-06 16:00:00,,729
2022-04-07 16:00:00,,747
2022-04-08 16:00:00,,768
2022-04-09 16:00:00,,772
2022-04-10 16:00:00,,781
2022-04-11 16:00:00,,789
2022-04-12 16:00:00,,773
2022-04-13 16:00:00,,773
2022-04-14 16:00:00,,783
2022-04-15 16:00:00,,777
2022-04-16 16:00:00,,785
2022-04-17 16:00:00,,768
2022-04-18 16:00:00,,788
2022-04-19 16:00:00,,801
2022-04-20 16:00:00,,794
2022-04-21 16:00:00,,801
2022-04-22 16:00:00,,792
2022-04-23 16:00:00,,785
2022-04-24 16:00:00,,794
2022-04-25 16:00:00,,801
2022-04-26 16:00:00,,808
2022-04-27 16:00:00,,802
2022-04-28 16:00:00,,802
2022-04-29 16:00:00,,791
2022-04-30 16:00:00,,800
2022-05-01 16:00:00,,796
2022-05-02 16:00:00,,806
2022-05-03 16:00:00,,786
2022-05-04 16:00:00,,791
2022-05-05 16:00:00,,812
2022-05-06 16:00:00,,827
2022-05-07 16:00:00,,830
2022-05-08 16:00:00,,839
2022-05-09 16:00:00,,838
2022-05-10 16:00:00,,849
2022-05-11 16:00:00,,858
2022-05-12 16:00:00,,865
2022-05-13 16:00:00,,875
2022-05-14 16:00:00,,883
2022-05-15 16:00:00,,886
2022-05-16 16:00:00,,891
2022-05-17 16:00:00,,877
2022-05-18 16:00:00,,894
2022-05-19 16:00:00,,898
2022-05-20 16:00:00,,898
2022-05-21 16:00:00,,899
2022-05-22 16:00:00,,901
2022-05-23 16:00:00,,896
2022-05-24 16:00:00,,887
2022-05-25 16:00:00,,878
2022-05-26 16:00:00,,864
2022-05-27 16:00:00,,850
2022-05-28 16:00:00,,836
2022-05-29 16:00:00,,813
2022-05-30 16:00:00,,787
2022-05-31 16:00:00,,798
2022-06-01 16:00:00,,938
2022-06-02 16:00:00,,1090
2022-06-03 16:00:00,,1141
2022-06-04 16:00:00,,1189
2022-06-05 16:00:00,,1194
2022-06-06 16:00:00,,1107
2022-06-07 16:00:00,,1019
2022-06-08 16:00:00,,928
2022-06-09 16:00:00,,868
2022-06-10 16:00:00,,796
2022-06-11 16:00:00,,696
2022-06-12 16:00:00,,661
2022-06-13 16:00:00,,572
2022-06-13 16:00:01,,NaN
2022-06-15 15:59:59,,NaN
2022-06-15 16:00:00,,593
2022-06-16 16:00:00,,542
2022-06-17 16:00:00,,505
2022-06-18 16:00:00,,451
2022-06-19 16:00:00,,416
2022-06-20 16:00:00,,382
2022-06-21 16:00:00,,341
2022-06-22 16:00:00,,282
2022-06-23 16:00:00,,233
2022-06-24 16:00:00,,204
2022-06-25 16:00:00,,172
2022-06-26 16:00:00,,134
2022-06-27 16:00:00,,84
2022-06-28 16:00:00,,33
2022-06-29 16:00:00,,6
2022-06-29 16:00:01,,NaN
2022-10-24 15:59:59,,NaN
2022-10-24 16:00:00,,19
2022-10-25 16:00:00,,40
2022-10-26 16:00:00,,56
2022-10-27 16:00:00,,57
2022-10-28 16:00:00,,78
2022-10-29 16:00:00,,79
2022-10-30 16:00:00,,78
2022-10-31 16:00:00,,99
